epoch,train_loss,dev_loss,dev_eer,best,minutes,finished
1,0.433554,0.325539,0.135801,1,4.1,2026-10-07 20:46:19
2,0.192779,0.434961,0.074864,1,4.1,2026-10-07 20:50:24
3,0.096080,0.182788,0.058482,1,4.1,2026-10-07 20:54:29
4,0.061885,0.226260,0.057001,1,4.1,2026-10-07 20:58:35
5,0.048729,0.069878,0.024276,1,4.1,2026-10-07 21:02:41
6,0.029648,0.481126,0.049836,0,4.1,2026-10-07 21:06:46
7,0.043504,0.301479,0.032523,0,4.1,2026-10-07 21:10:52
8,0.033445,0.239585,0.050279,0,4.1,2026-10-07 21:14:57
9,0.023914,0.093587,0.022774,1,4.1,2026-10-07 21:19:02
10,0.031958,0.069266,0.020806,1,4.1,2026-10-07 21:23:07
11,0.019986,0.073148,0.015300,1,4.1,2026-10-07 21:27:13
12,0.021504,0.101817,0.020806,0,4.1,2026-10-07 21:31:18
13,0.018186,0.134518,0.014526,1,4.1,2026-10-07 21:35:23
14,0.017730,0.038404,0.011387,1,4.1,2026-10-07 21:39:28
15,0.014704,0.092525,0.016870,0,4.1,2026-10-07 21:43:33
16,0.014367,0.139959,0.034934,0,4.1,2026-10-07 21:47:38
17,0.017273,0.121281,0.030225,0,4.1,2026-10-07 21:51:43
18,0.019115,0.107379,0.017666,0,4.1,2026-10-07 21:55:48
19,0.012273,0.108222,0.010591,1,4.1,2026-10-07 21:59:53
20,0.011986,0.051139,0.012934,0,4.1,2026-10-07 22:03:58
21,0.010228,0.078416,0.007075,1,4.1,2026-10-07 22:08:03
22,0.013450,0.077498,0.017666,0,4.1,2026-10-07 22:12:08
23,0.006386,0.095634,0.026222,0,4.1,2026-10-07 22:16:13
24,0.008836,0.079501,0.012957,0,4.1,2026-10-07 22:20:18
25,0.012787,0.063705,0.011387,0,4.1,2026-10-07 22:24:23
26,0.017188,0.054535,0.009397,0,4.1,2026-10-07 22:28:30
27,0.009883,0.091646,0.030225,0,4.1,2026-10-07 22:32:36
28,0.006676,0.070923,0.016825,0,4.1,2026-10-07 22:36:42
